{
  "train_loss": [
    0.03929291177412559,
    0.015326992929752531,
    0.013660939859932867,
    0.01305863148821839,
    0.012214888754332888,
    0.011242288309310016,
    0.011149019163487286,
    0.010424535946342451,
    0.009812328900242674,
    0.008906032263847261,
    0.008616566802535591,
    0.008160623593320107,
    0.0080123964440206,
    0.00769884468473751,
    0.007360525092045809,
    0.0073080394609734926,
    0.007183634114034217,
    0.00705041503533721,
    0.006460014345317051,
    0.006399279797513937,
    0.006645893019720398,
    0.00616432341811215,
    0.006132476625899817,
    0.006047510662405142,
    0.005787412041862463,
    0.005955411073077342,
    0.0055158146785507945,
    0.00558095569080063,
    0.005432421148851,
    0.005522654552398057,
    0.005258840540873593,
    0.005315948293769154,
    0.005303254190447001,
    0.005538480846082856,
    0.005360541351396462,
    0.005103824210577998,
    0.0051246069146898285,
    0.0051868696183223146
  ],
  "val_loss": [
    0.013089934131130576,
    0.011109520215541124,
    0.010094439843669534,
    0.00959231099113822,
    0.008803341188468039,
    0.008245981996878982,
    0.008944554603658617,
    0.008189994259737432,
    0.007845229585655034,
    0.008011431549675763,
    0.008126743254251778,
    0.007719637709669769,
    0.007718742243014276,
    0.007758977240882814,
    0.007731460500508547,
    0.007097628549672663,
    0.007866311934776604,
    0.006816242937929928,
    0.007666317163966596,
    0.007396231405436993,
    0.00739959510974586,
    0.007788853836245835,
    0.008318242034874856,
    0.00823288841638714,
    0.007860536104999483,
    0.00821100384928286,
    0.007771177450194955,
    0.006656580953858793,
    0.00778207543771714,
    0.0083331149071455,
    0.00763644406106323,
    0.007439092383719981,
    0.007934780325740576,
    0.00763470062520355,
    0.007893771165981889,
    0.008015121333301067,
    0.008139318553730845,
    0.007608568528667092
  ],
  "train_mae": [
    0.1524898111820221,
    0.10629388689994812,
    0.10094892233610153,
    0.09896928071975708,
    0.09632611274719238,
    0.09218703955411911,
    0.09061895310878754,
    0.08766510337591171,
    0.08546212315559387,
    0.08132459223270416,
    0.0790659636259079,
    0.07571633160114288,
    0.07555101811885834,
    0.07362557202577591,
    0.07156305760145187,
    0.07028259336948395,
    0.07082673907279968,
    0.06925462931394577,
    0.0656101182103157,
    0.06518077105283737,
    0.06763389706611633,
    0.06501992046833038,
    0.06338861584663391,
    0.0639382004737854,
    0.06166562810540199,
    0.06168012693524361,
    0.06065008416771889,
    0.060534533113241196,
    0.05997956171631813,
    0.059143196791410446,
    0.058853261172771454,
    0.05913010612130165,
    0.05861474201083183,
    0.058268219232559204,
    0.05912165343761444,
    0.057585038244724274,
    0.05690282583236694,
    0.057604897767305374
  ],
  "val_mae": [
    0.10281967371702194,
    0.10056040436029434,
    0.09610963612794876,
    0.09200789779424667,
    0.0867968276143074,
    0.08435428142547607,
    0.08287570625543594,
    0.08132970333099365,
    0.07906975597143173,
    0.07389634847640991,
    0.07510193437337875,
    0.07299761474132538,
    0.07354544848203659,
    0.07271555811166763,
    0.07251237332820892,
    0.06975296139717102,
    0.07305910438299179,
    0.06752532720565796,
    0.07010248303413391,
    0.0707012489438057,
    0.07067619264125824,
    0.0709264799952507,
    0.07416072487831116,
    0.07497681677341461,
    0.07300535589456558,
    0.07486056536436081,
    0.07272297143936157,
    0.06670861691236496,
    0.07147857546806335,
    0.07484693080186844,
    0.07199564576148987,
    0.07060356438159943,
    0.07206946611404419,
    0.07134592533111572,
    0.07306672632694244,
    0.07338002324104309,
    0.07383110374212265,
    0.07108884304761887
  ],
  "train_r2": [
    0.46526622772216797,
    0.7935968041419983,
    0.8159274905920029,
    0.8247929066419601,
    0.8356628119945526,
    0.8478958159685135,
    0.8526535481214523,
    0.8610537946224213,
    0.8682633191347122,
    0.8806155398488045,
    0.8840814456343651,
    0.8927065581083298,
    0.8925963044166565,
    0.8965302556753159,
    0.9011469185352325,
    0.9029682353138924,
    0.9036227911710739,
    0.906624361872673,
    0.9150544255971909,
    0.9144912883639336,
    0.9110962674021721,
    0.9162723645567894,
    0.9183930605649948,
    0.9177594631910324,
    0.9225488752126694,
    0.9226525500416756,
    0.9252330213785172,
    0.9250217601656914,
    0.9264742657542229,
    0.9287419244647026,
    0.9293160140514374,
    0.9293119311332703,
    0.9285894259810448,
    0.927964523434639,
    0.9287345334887505,
    0.931494452059269,
    0.9325256943702698,
    0.9305966347455978
  ],
  "val_r2": [
    0.8242993950843811,
    0.8502474874258041,
    0.8622203469276428,
    0.8691298961639404,
    0.8776327446103096,
    0.886525921523571,
    0.8750430196523666,
    0.8879720941185951,
    0.8927778974175453,
    0.8897418156266212,
    0.8887509778141975,
    0.8932192400097847,
    0.8933764845132828,
    0.8924196735024452,
    0.8930602669715881,
    0.9019351974129677,
    0.8914056569337845,
    0.9059276431798935,
    0.8942325189709663,
    0.8976649716496468,
    0.8976156190037727,
    0.8921961337327957,
    0.8853515237569809,
    0.8865929767489433,
    0.8914025649428368,
    0.8870067521929741,
    0.8923787847161293,
    0.9080735072493553,
    0.8932525664567947,
    0.885498970746994,
    0.8943718448281288,
    0.8972883373498917,
    0.8902829810976982,
    0.8947455510497093,
    0.8911709114909172,
    0.8894842192530632,
    0.8880666419863701,
    0.8955393582582474
  ],
  "learning_rates": [
    0.001,
    0.001,
    0.001,
    0.001,
    0.001,
    0.001,
    0.001,
    0.001,
    0.001,
    0.001,
    0.001,
    0.001,
    0.001,
    0.001,
    0.001,
    0.001,
    0.001,
    0.001,
    0.001,
    0.001,
    0.001,
    0.001,
    0.001,
    0.0005,
    0.0005,
    0.0005,
    0.0005,
    0.0005,
    0.0005,
    0.0005,
    0.0005,
    0.0005,
    0.0005,
    0.00025,
    0.00025,
    0.00025,
    0.00025,
    0.00025
  ]
}