{
  "train_loss": [
    0.04891557214332038,
    0.018563806400473774,
    0.015583057084987903,
    0.01384859686267787,
    0.01280181363610358,
    0.012233298464581883,
    0.01117854621582504,
    0.01075995874045224,
    0.010425517335534096,
    0.00954286534146502,
    0.009542412012173184,
    0.008789754520844796,
    0.00849963112830602,
    0.007771254693768148,
    0.0074624891938834354,
    0.007103871281162418,
    0.0068169215308695,
    0.0066332555825597255,
    0.006475254347355202,
    0.006212638080890836
  ],
  "val_loss": [
    0.015360647346824408,
    0.012012709164991975,
    0.009624992031604052,
    0.009409344987943769,
    0.00875065743457526,
    0.00897496659308672,
    0.009454806451685727,
    0.008289579767733812,
    0.008119061007164419,
    0.0077725055161863565,
    0.007984588504768908,
    0.009389684302732348,
    0.009218929102644324,
    0.00955748907290399,
    0.008746694074943662,
    0.007847075699828565,
    0.008074359968304634,
    0.007853089366108179,
    0.008652287651784718,
    0.00862285285256803
  ],
  "train_mae": [
    