{
  "train_loss": [
    0.04213170145220797,
    0.017536496261841263,
    0.014472940390736893,
    0.013308914506743694,
    0.012672280764271474,
    0.01141913999514333,
    0.010873954261428323,
    0.010801274779027906,
    0.010108320813240677,
    0.009740794077515602,
    0.008894945671460751,
    0.008830096155148128,
    0.008307456231579698
  ],
  "val_loss": [
    0.014516627881675959,
    0.011187513824552298,
    0.009706976590678096,
    0.011296270415186882,
    0.010761469835415483,
    0.010393221396952868,
    0.011064158054068685,
    0.010665659559890628,
    0.011142291128635406,
    0.010368832154199481,
    0.0110612150747329,
    0.011022367049008608,
    0.010229131439700723
  ],
  "train_mae": [
    0.15814144909381866,
    0.109158456325531,
    0.10332046449184418,
    0.09960506111383438,
    0.09684154391288757,
    0.09251561015844345,
    0.0909436047077179,
    0.09024902433156967,
    0.08687934279441833,
    0.08493173867464066,
    0.08114954084157944,
    0.0803668200969696,
    0.07720839977264404
  ],
  "val_mae": [
    0.10501327365636826,
    0.0988614484667778,
    0.09430104494094849,
    0.0946313887834549,
    0.08891966193914413,
    0.0876690149307251,
    0.08795635402202606,
    0.08793330192565918,
    0.08703383058309555,
    0.08306410908699036,
    0.08635631948709488,
    0.08550067245960236,
    0.08341477066278458
  ],
  "train_r2": [
    0.4227406978607178,
    0.7708244919776917,
    0.8070595115423203,
    0.8210027366876602,
    0.8314532488584518,
    0.848576620221138,
    0.8548450767993927,
    0.8554272353649139,
    0.8637384474277496,
    0.871038407087326,
    0.8814556077122688,
    0.8820377439260483,
    0.8882760927081108
  ],
  "val_r2": [
    0.8031262010335922,
    0.846794605255127,
    0.8667199462652206,
    0.8441023379564285,
    0.8497595191001892,
    0.8562032729387283,
    0.8454705327749252,
    0.8509929031133652,
    0.8443827927112579,
    0.855968564748764,
    0.8458172678947449,
    0.8464072495698929,
    0.8578284829854965
  ],
  "learning_rates": [
    0.001,
    0.001,
    0.001,
    0.001,
    0.001,
    0.001,
    0.001,
    0.001,
    0.0005,
    0.0005,
    0.0005,
    0.0005,
    0.0005
  ]
}